{"acc": 0.601123595505618, "F1W": 0.6005344325947685, "_timestamp": 1702217418.9019697, "_runtime": 448.7252707481384, "_step": 622, "_wandb": {"runtime": 447}}