{"acc": 0.5964686998394864, "F1W": 0.5964268428940636, "_timestamp": 1702215777.419827, "_runtime": 440.64681100845337, "_step": 622, "_wandb": {"runtime": 437}}