{"acc": 0.6088282504012841, "F1W": 0.6086493563404355, "_timestamp": 1702218500.7210863, "_runtime": 666.50212931633, "_step": 622, "_wandb": {"runtime": 665}}