{"acc": 0.7103162650602409, "F1W": 0.7059677206080512, "_timestamp": 1702210986.31781, "_runtime": 750.966197013855, "_step": 663}